{
	"format_version": "1.12.0",
	"minecraft:geometry": [
		{
			"description": {
				"identifier": "geometry.default",
				"texture_width": 256,
				"texture_height": 256,
				"visible_bounds_width": 5,
				"visible_bounds_height": 4.5,
				"visible_bounds_offset": [0, 1.75, 0]
			},
			"bones": [
				{
					"name": "RightArm",
					"pivot": [-4.9, 28.8481, 0.08724],
					"rotation": [7.52, 19.83217, -1.62495],
					"cubes": [
						{
							"origin": [-6.43359, 23.42728, -0.3779],
							"size": [2.5, 7.2, 2.5],
							"pivot": [-4.60859, 28.02728, 0.1471],
							"rotation": [4.99527, 0.21782, 2.5095],
							"uv": {
								"north": {"uv": [74, 66], "uv_size": [6, 14]},
								"east": {"uv": [76, 0], "uv_size": [6, 14]},
								"south": {"uv": [76, 14], "uv_size": [6, 14]},
								"west": {"uv": [76, 28], "uv_size": [6, 14]},
								"up": {"uv": [80, 114], "uv_size": [6, 6]},
								"down": {"uv": [114, 88], "uv_size": [6, -6]}
							}
						},
						{
							"origin": [-7.48263, 25.97123, -1.28133],
							"size": [2, 3.2, 4.5],
							"pivot": [-6.23263, 26.82123, 0.96867],
							"rotation": [1.29717, -4.82922, 79.9453],
							"uv": {
								"north": {"uv": [102, 126], "uv_size": [4, 6]},
								"east": {"uv": [90, 24], "uv_size": [10, 6]},
								"south": {"uv": [116, 126], "uv_size": [4, 6]},
								"west": {"uv": [90, 30], "uv_size": [10, 6]},
								"up": {"uv": [40, 14], "uv_size": [4, 10]},
								"down": {"uv": [58, 74], "uv_size": [4, -10]}
							}
						},
						{
							"origin": [-6.19896, 24.81558, -1.25004],
							"size": [2, 3.2, 4.5],
							"pivot": [-5.69896, 26.41558, 0.99996],
							"rotation": [15.37278, -4.09405, 59.8973],
							"uv": {
								"north": {"uv": [128, 42], "uv_size": [4, 6]},
								"east": {"uv": [74, 90], "uv_size": [10, 6]},
								"south": {"uv": [128, 48], "uv_size": [4, 6]},
								"west": {"uv": [90, 74], "uv_size": [10, 6]},
								"up": {"uv": [0, 108], "uv_size": [4, 10]},
								"down": {"uv": [40, 118], "uv_size": [4, -10]}
							}
						},
						{
							"origin": [-5.78594, 20.90111, -2.61618],
							"size": [1.5, 1.75, 1.75],
							"pivot": [-5.28594, 25.90111, -2.11618],
							"rotation": [49.99527, 0.21782, 2.5095],
							"uv": {
								"north": {"uv": [138, 58], "uv_size": [4, 4]},
								"east": {"uv": [60, 138], "uv_size": [4, 4]},
								"south": {"uv": [138, 62], "uv_size": [4, 4]},
								"west": {"uv": [138, 66], "uv_size": [4, 4]},
								"up": {"uv": [70, 138], "uv_size": [4, 4]},
								"down": {"uv": [74, 142], "uv_size": [4, -4]}
							}
						}
					]
				},
				{
					"name": "RightForeArm",
					"parent": "RightArm",
					"pivot": [-5.575, 22.8981, 0.61224],
					"rotation": [-15, 0, 0],
					"cubes": [
						{
							"origin": [-6.475, 17.18217, -0.12894],
							"size": [2, 6, 2],
							"pivot": [-4.975, 20.18217, 0.87106],
							"rotation": [0, 0, 2],
							"uv": {
								"north": {"uv": [76, 104], "uv_size": [4, 12]},
								"east": {"uv": [58, 106], "uv_size": [4, 12]},
								"south": {"uv": [106, 58], "uv_size": [4, 12]},
								"west": {"uv": [106, 70], "uv_size": [4, 12]},
								"up": {"uv": [138, 78], "uv_size": [4, 4]},
								"down": {"uv": [82, 142], "uv_size": [4, -4]}
							}
						}
					]
				},
				{
					"name": "RightHand",
					"parent": "RightForeArm",
					"pivot": [-5.18668, 16.98952, 0.67106],
					"rotation": [0, -15, 0],
					"cubes": [
						{
							"origin": [-6.55563, 15.29458, -0.51125],
							"size": [1.5, 2, 3],
							"pivot": [-5.55563, 16.29458, 0.98875],
							"rotation": [0.87038, 4.92385, 2.53742],
							"uv": {
								"north": {"uv": [138, 82], "uv_size": [4, 4]},
								"east": {"uv": [128, 54], "uv_size": [6, 4]},
								"south": {"uv": [138, 86], "uv_size": [4, 4]},
								"west": {"uv": [128, 58], "uv_size": [6, 4]},
								"up": {"uv": [128, 62], "uv_size": [4, 6]},
								"down": {"uv": [84, 134], "uv_size": [4, -6]}
							}
						},
						{
							"origin": [-6.26973, 13.85541, 0.48039],
							"size": [1, 2, 2],
							"pivot": [-5.26973, 14.85541, 0.98039],
							"rotation": [-1.50701, 4.76804, -25.06274],
							"uv": {
								"north": {"uv": [148, 18], "uv_size": [2, 4]},
								"east": {"uv": [90, 138], "uv_size": [4, 4]},
								"south": {"uv": [148, 22], "uv_size": [2, 4]},
								"west": {"uv": [94, 138], "uv_size": [4, 4]},
								"up": {"uv": [148, 26], "uv_size": [2, 4]},
								"down": {"uv": [148, 34], "uv_size": [2, -4]}
							}
						},
						{
							"origin": [-5.38873, 13.23438, 1.53165],
							"size": [1, 2, 1],
							"pivot": [-4.87518, 13.29095, 2.0889],
							"rotation": [-10.22435, -2.69018, -37.69305],
							"uv": {
								"north": {"uv": [148, 34], "uv_size": [2, 4]},
								"east": {"uv": [36, 148], "uv_size": [2, 4]},
								"south": {"uv": [38, 148], "uv_size": [2, 4]},
								"west": {"uv": [148, 38], "uv_size": [2, 4]},
								"up": {"uv": [150, 120], "uv_size": [2, 2]},
								"down": {"uv": [122, 152], "uv_size": [2, -2]}
							}
						},
						{
							"origin": [-4.6518, 14.85951, -0.11472],
							"size": [1, 1, 2],
							"pivot": [-4.1518, 14.85951, 1.38528],
							"rotation": [-4.69986, -1.70818, -117.4299],
							"uv": {
								"north": {"uv": [150, 122], "uv_size": [2, 2]},
								"east": {"uv": [40, 148], "uv_size": [4, 2]},
								"south": {"uv": [124, 150], "uv_size": [2, 2]},
								"west": {"uv": [148, 42], "uv_size": [4, 2]},
								"up": {"uv": [44, 148], "uv_size": [2, 4]},
								"down": {"uv": [46, 152], "uv_size": [2, -4]}
							}
						},
						{
							"origin": [-6.55597, 14.40192, -0.45005],
							"size": [1, 1, 1],
							"pivot": [-6.05597, 14.40192, 0.04995],
							"rotation": [0, 5, -7.5],
							"uv": {
								"north": {"uv": [150, 124], "uv_size": [2, 2]},
								"east": {"uv": [126, 150], "uv_size": [2, 2]},
								"south": {"uv": [150, 126], "uv_size": [2, 2]},
								"west": {"uv": [128, 150], "uv_size": [2, 2]},
								"up": {"uv": [150, 128], "uv_size": [2, 2]},
								"down": {"uv": [130, 152], "uv_size": [2, -2]}
							}
						},
						{
							"origin": [-6.00929, 12.93693, -0.59216],
							"size": [1, 2, 1],
							"pivot": [-5.50929, 13.93693, -0.09216],
							"rotation": [-2.87277, 4.09405, -42.6027],
							"uv": {
								"north": {"uv": [148, 46], "uv_size": [2, 4]},
								"east": {"uv": [48, 148], "uv_size": [2, 4]},
								"south": {"uv": [50, 148], "uv_size": [2, 4]},
								"west": {"uv": [52, 148], "uv_size": [2, 4]},
								"up": {"uv": [150, 130], "uv_size": [2, 2]},
								"down": {"uv": [132, 152], "uv_size": [2, -2]}
							}
						}
					]
				},
				{
					"name": "right_dmz",
					"parent": "RightHand",
					"pivot": [-4.5962, 15.81917, -0.25588],
					"cubes": [
						{
							"origin": [-5.28878, 15.66412, -1.14984],
							"size": [1, 2, 2],
							"pivot": [-4.78878, 16.66412, -0.14984],
							"rotation": [13.74956, 45.34628, -41.48038],
							"uv": {
								"north": {"uv": [54, 148], "uv_size": [2, 4]},
								"east": {"uv": [138, 96], "uv_size": [4, 4]},
								"south": {"uv": [148, 54], "uv_size": [2, 4]},
								"west": {"uv": [98, 138], "uv_size": [4, 4]},
								"up": {"uv": [58, 148], "uv_size": [2, 4]},
								"down": {"uv": [60, 152], "uv_size": [2, -4]}
							}
						},
						{
							"origin": [-4.87969, 14.01116, -1.00588],
							"size": [1, 2, 1],
							"pivot": [-4.5962, 15.81917, -0.25588],
							"rotation": [20.74366, 42.03023, 0.22506],
							"uv": {
								"north": {"uv": [62, 148], "uv_size": [2, 4]},
								"east": {"uv": [64, 148], "uv_size": [2, 4]},
								"south": {"uv": [148, 64], "uv_size": [2, 4]},
								"west": {"uv": [148, 68], "uv_size": [2, 4]},
								"up": {"uv": [150, 132], "uv_size": [2, 2]},
								"down": {"uv": [134, 152], "uv_size": [2, -2]}
							}
						}
					]
				},
				{
					"name": "RightHandLocator",
					"parent": "RightHand",